endpoint,concurrency,success,http_status,response_ms,error
/ops/omniview-v2/operating-date @ c=1,1,True,200,2982.2,
/ops/omniview-v2/operating-date @ c=1,1,True,200,2961.7,
/ops/omniview-v2/operating-date @ c=1,1,True,200,3031.0,
/ops/omniview-v2/operating-date @ c=1,1,True,200,2951.4,
/ops/omniview-v2/operating-date @ c=1,1,True,200,2972.4,
/ops/omniview-v2/operating-date @ c=1,1,True,200,2996.3,
/ops/omniview-v2/operating-date @ c=1,1,True,200,2988.8,
/ops/omniview-v2/operating-date @ c=1,1,True,200,3007.4,
/ops/omniview-v2/operating-date @ c=1,1,True,200,2935.0,
/ops/omniview-v2/operating-date @ c=1,1,True,200,2989.2,
/ops/omniview-v2/operating-date @ c=1,1,True,200,2978.8,
/ops/omniview-v2/operating-date @ c=1,1,True,200,3012.5,
/ops/omniview-v2/operating-date @ c=1,1,True,200,2967.6,
/ops/omniview-v2/operating-date @ c=1,1,True,200,2990.9,
/ops/omniview-v2/operating-date @ c=1,1,True,200,2970.7,
/ops/omniview-v2/operating-date @ c=3,3,True,200,4817.2,
/ops/omniview-v2/operating-date @ c=3,3,True,200,4816.5,
/ops/omniview-v2/operating-date @ c=3,3,True,200,5738.2,
/ops/omniview-v2/operating-date @ c=3,3,False,,15000,timeout
/ops/omniview-v2/operating-date @ c=3,3,False,,15000,timeout
/ops/omniview-v2/operating-date @ c=3,3,False,,15000,timeout
/ops/omniview-v2/operating-date @ c=3,3,True,200,6457.5,
/ops/omniview-v2/operating-date @ c=3,3,True,200,6452.9,
/ops/omniview-v2/operating-date @ c=3,3,True,200,7376.3,
/ops/omniview-v2/operating-date @ c=3,3,True,200,2950.0,
/ops/omniview-v2/operating-date @ c=3,3,True,200,3178.2,
/ops/omniview-v2/operating-date @ c=3,3,True,200,4105.9,
/ops/omniview-v2/operating-date @ c=3,3,True,200,2953.8,
/ops/omniview-v2/operating-date @ c=3,3,True,200,2942.8,
/ops/omniview-v2/operating-date @ c=3,3,True,200,2989.4,
/ops/omniview-v2/operating-date @ c=5,5,True,200,6521.2,
/ops/omniview-v2/operating-date @ c=5,5,True,200,6523.3,
/ops/omniview-v2/operating-date @ c=5,5,True,200,6522.2,
/ops/omniview-v2/operating-date @ c=5,5,True,200,6522.7,
/ops/omniview-v2/operating-date @ c=5,5,True,200,7451.5,
/ops/omniview-v2/operating-date @ c=5,5,True,200,5407.3,
/ops/omniview-v2/operating-date @ c=5,5,True,200,5405.8,
/ops/omniview-v2/operating-date @ c=5,5,True,200,5406.3,
/ops/omniview-v2/operating-date @ c=5,5,True,200,6337.2,
/ops/omniview-v2/operating-date @ c=5,5,True,200,5418.5,
/ops/omniview-v2/operating-date @ c=5,5,True,200,4289.5,
/ops/omniview-v2/operating-date @ c=5,5,True,200,5417.8,
/ops/omniview-v2/operating-date @ c=5,5,True,200,5418.2,
/ops/omniview-v2/operating-date @ c=5,5,True,200,4476.4,
/ops/omniview-v2/operating-date @ c=5,5,True,200,5402.7,
/ops/omniview-v2/matrix @ c=1,1,True,200,2060.9,
/ops/omniview-v2/matrix @ c=1,1,True,200,2069.2,
/ops/omniview-v2/matrix @ c=1,1,True,200,2064.2,
/ops/omniview-v2/matrix @ c=1,1,True,200,2051.4,
/ops/omniview-v2/matrix @ c=1,1,True,200,2066.2,
/ops/omniview-v2/matrix @ c=1,1,True,200,2073.0,
/ops/omniview-v2/matrix @ c=1,1,True,200,2051.0,
/ops/omniview-v2/matrix @ c=1,1,True,200,2041.2,
/ops/omniview-v2/matrix @ c=1,1,True,200,2046.5,
/ops/omniview-v2/matrix @ c=1,1,True,200,2054.7,
/ops/omniview-v2/matrix @ c=1,1,True,200,2064.1,
/ops/omniview-v2/matrix @ c=1,1,True,200,2066.7,
/ops/omniview-v2/matrix @ c=1,1,True,200,2033.0,
/ops/omniview-v2/matrix @ c=1,1,True,200,2049.8,
/ops/omniview-v2/matrix @ c=1,1,True,200,2048.5,
/ops/omniview-v2/matrix @ c=3,3,True,200,2033.0,
/ops/omniview-v2/matrix @ c=3,3,True,200,2034.5,
/ops/omniview-v2/matrix @ c=3,3,True,200,2048.6,
/ops/omniview-v2/matrix @ c=3,3,True,200,2025.7,
/ops/omniview-v2/matrix @ c=3,3,True,200,2027.7,
/ops/omniview-v2/matrix @ c=3,3,True,200,2033.6,
/ops/omniview-v2/matrix @ c=3,3,True,200,2036.1,
/ops/omniview-v2/matrix @ c=3,3,True,200,2051.9,
/ops/omniview-v2/matrix @ c=3,3,True,200,2032.8,
/ops/omniview-v2/matrix @ c=3,3,True,200,2048.3,
/ops/omniview-v2/matrix @ c=3,3,True,200,2060.6,
/ops/omniview-v2/matrix @ c=3,3,True,200,2076.4,
/ops/omniview-v2/matrix @ c=3,3,True,200,2049.8,
/ops/omniview-v2/matrix @ c=3,3,True,200,2054.2,
/ops/omniview-v2/matrix @ c=3,3,True,200,2072.3,
/ops/omniview-v2/matrix @ c=5,5,True,200,2034.7,
/ops/omniview-v2/matrix @ c=5,5,True,200,2035.7,
/ops/omniview-v2/matrix @ c=5,5,True,200,2036.1,
/ops/omniview-v2/matrix @ c=5,5,True,200,2039.2,
/ops/omniview-v2/matrix @ c=5,5,True,200,2048.9,
/ops/omniview-v2/matrix @ c=5,5,True,200,2044.6,
/ops/omniview-v2/matrix @ c=5,5,True,200,2042.9,
/ops/omniview-v2/matrix @ c=5,5,True,200,2044.7,
/ops/omniview-v2/matrix @ c=5,5,True,200,2058.3,
/ops/omniview-v2/matrix @ c=5,5,True,200,2047.6,
/ops/omniview-v2/matrix @ c=5,5,True,200,2035.9,
/ops/omniview-v2/matrix @ c=5,5,True,200,2049.1,
/ops/omniview-v2/matrix @ c=5,5,True,200,2049.5,
/ops/omniview-v2/matrix @ c=5,5,True,200,2048.7,
/ops/omniview-v2/matrix @ c=5,5,True,200,2046.4,
/ops/omniview-v2/shell @ c=1,1,True,200,2041.7,
/ops/omniview-v2/shell @ c=1,1,True,200,2022.4,
/ops/omniview-v2/shell @ c=1,1,True,200,2037.0,
/ops/omniview-v2/shell @ c=1,1,True,200,2068.0,
/ops/omniview-v2/shell @ c=1,1,True,200,2047.3,
/ops/omniview-v2/shell @ c=1,1,True,200,2046.7,
/ops/omniview-v2/shell @ c=1,1,True,200,2038.6,
/ops/omniview-v2/shell @ c=1,1,True,200,2048.6,
/ops/omniview-v2/shell @ c=1,1,True,200,2045.0,
/ops/omniview-v2/shell @ c=1,1,True,200,2053.8,
/ops/omniview-v2/shell @ c=1,1,True,200,2033.8,
/ops/omniview-v2/shell @ c=1,1,True,200,2067.0,
/ops/omniview-v2/shell @ c=1,1,True,200,2045.2,
/ops/omniview-v2/shell @ c=1,1,True,200,2035.4,
/ops/omniview-v2/shell @ c=1,1,True,200,2066.1,
/ops/omniview-v2/shell @ c=3,3,True,200,2033.5,
/ops/omniview-v2/shell @ c=3,3,True,200,2048.6,
/ops/omniview-v2/shell @ c=3,3,True,200,2065.4,
/ops/omniview-v2/shell @ c=3,3,True,200,2051.0,
/ops/omniview-v2/shell @ c=3,3,True,200,2035.9,
/ops/omniview-v2/shell @ c=3,3,True,200,2061.5,
/ops/omniview-v2/shell @ c=3,3,True,200,2042.6,
/ops/omniview-v2/shell @ c=3,3,True,200,2056.7,
/ops/omniview-v2/shell @ c=3,3,True,200,2045.0,
/ops/omniview-v2/shell @ c=3,3,True,200,2068.9,
/ops/omniview-v2/shell @ c=3,3,True,200,2054.2,
/ops/omniview-v2/shell @ c=3,3,True,200,2039.0,
/ops/omniview-v2/shell @ c=3,3,True,200,2035.6,
/ops/omniview-v2/shell @ c=3,3,True,200,2051.4,
/ops/omniview-v2/shell @ c=3,3,True,200,2050.4,
/ops/omniview-v2/shell @ c=5,5,True,200,2025.0,
/ops/omniview-v2/shell @ c=5,5,True,200,2039.8,
/ops/omniview-v2/shell @ c=5,5,True,200,2038.1,
/ops/omniview-v2/shell @ c=5,5,True,200,2049.6,
/ops/omniview-v2/shell @ c=5,5,True,200,2066.0,
/ops/omniview-v2/shell @ c=5,5,True,200,2058.9,
/ops/omniview-v2/shell @ c=5,5,True,200,2044.3,
/ops/omniview-v2/shell @ c=5,5,True,200,2033.4,
/ops/omniview-v2/shell @ c=5,5,True,200,2057.6,
/ops/omniview-v2/shell @ c=5,5,True,200,2045.2,
/ops/omniview-v2/shell @ c=5,5,True,200,2033.1,
/ops/omniview-v2/shell @ c=5,5,True,200,2034.5,
/ops/omniview-v2/shell @ c=5,5,True,200,2049.6,
/ops/omniview-v2/shell @ c=5,5,True,200,2037.4,
/ops/omniview-v2/shell @ c=5,5,True,200,2023.0,
